{
    "Topic": [
        {
            "VersionNo": 1030708,
            "ReplyCount": 334,
            "SerialNo": 1,
            "TopicID": 1,
            "Topic": "服務品質的滿意度"
        }
    ],
    "Question": [
        {
            "VersionNo": 1030708,
            "TopicID": 1,
            "QuestionNo": 2,
            "Question": "使用市長電子信箱發送反映案件相當快速？",
            "ReplyItems": [
                {
                    "Count": 80,
                    "Percentage": 24.169999999999998,
                    "Reply2QuestNo": 2,
                    "ReplyID": 40,
                    "ReplyItem": "強烈同意",
                    "TopicID": 1,
                    "VersionNo": 1030708
                },
                {
                    "Count": 118,
                    "Percentage": 35.65,
                    "Reply2QuestNo": 2,
                    "ReplyID": 41,
                    "ReplyItem": "同意",
                    "TopicID": 1,
                    "VersionNo": 1030708
                },
                {
                    "Count": 57,
                    "Percentage": 17.22,
                    "Reply2QuestNo": 2,
                    "ReplyID": 42,
                    "ReplyItem": "普通",
                    "TopicID": 1,
                    "VersionNo": 1030708
                },
                {
                    "Count": 31,
                    "Percentage": 9.370000000000001,
                    "Reply2QuestNo": 2,
                    "ReplyID": 43,
                    "ReplyItem": "不同意",
                    "TopicID": 1,
                    "VersionNo": 1030708
                },
                {
                    "Count": 45,
                    "Percentage": 13.600000000000001,
                    "Reply2QuestNo": 2,
                    "ReplyID": 44,
                    "ReplyItem": "強烈不同意",
                    "TopicID": 1,
                    "VersionNo": 1030708
                }
            ]
        },
        {
            "VersionNo": 1030708,
            "TopicID": 1,
            "QuestionNo": 3,
            "Question": "市長電子信箱的網頁顯示正確、功能正常？",
            "ReplyItems": [
                {
                    "Count": 98,
                    "Percentage": 29.79,
                    "Reply2QuestNo": 3,
                    "ReplyID": 45,
                    "ReplyItem": "強烈同意",
                    "TopicID": 1,
                    "VersionNo": 1030708
                },
                {
                    "Count": 170,
                    "Percentage": 51.67,
                    "Reply2QuestNo": 3,
                    "ReplyID": 46,
                    "ReplyItem": "同意",
                    "TopicID": 1,
                    "VersionNo": 1030708
                },
                {
                    "Count": 39,
                    "Percentage": 11.85,
                    "Reply2QuestNo": 3,
                    "ReplyID": 47,
                    "ReplyItem": "普通",
                    "TopicID": 1,
                    "VersionNo": 1030708
                },
                {
                    "Count": 7,
                    "Percentage": 2.13,
                    "Reply2QuestNo": 3,
                    "ReplyID": 48,
                    "ReplyItem": "不同意",
                    "TopicID": 1,
                    "VersionNo": 1030708
                },
                {
                    "Count": 15,
                    "Percentage": 4.5600000000000005,
                    "Reply2QuestNo": 3,
                    "ReplyID": 49,
                    "ReplyItem": "強烈不同意",
                    "TopicID": 1,
                    "VersionNo": 1030708
                }
            ]
        },
        {
            "VersionNo": 1030708,
            "TopicID": 1,
            "QuestionNo": 4,
            "Question": "市長電子信箱有正面的回應來處理我的案件？",
            "ReplyItems": [
                {
                    "Count": 63,
                    "Percentage": 19.27,
                    "Reply2QuestNo": 4,
                    "ReplyID": 50,
                    "ReplyItem": "強烈同意",
                    "TopicID": 1,
                    "VersionNo": 1030708
                },
                {
                    "Count": 82,
                    "Percentage": 25.080000000000002,
                    "Reply2QuestNo": 4,
                    "ReplyID": 51,
                    "ReplyItem": "同意",
                    "TopicID": 1,
                    "VersionNo": 1030708
                },
                {
                    "Count": 42,
                    "Percentage": 12.839999999999998,
                    "Reply2QuestNo": 4,
                    "ReplyID": 52,
                    "ReplyItem": "普通",
                    "TopicID": 1,
                    "VersionNo": 1030708
                },
                {
                    "Count": 36,
                    "Percentage": 11.01,
                    "Reply2QuestNo": 4,
                    "ReplyID": 53,
                    "ReplyItem": "不同意",
                    "TopicID": 1,
                    "VersionNo": 1030708
                },
                {
                    "Count": 104,
                    "Percentage": 31.8,
                    "Reply2QuestNo": 4,
                    "ReplyID": 54,
                    "ReplyItem": "強烈不同意",
                    "TopicID": 1,
                    "VersionNo": 1030708
                }
            ]
        },
        {
            "VersionNo": 1030708,
            "TopicID": 1,
            "QuestionNo": 5,
            "Question": "整體而言，我對市長電子信箱服務品質有正面評價？",
            "ReplyItems": [
                {
                    "Count": 66,
                    "Percentage": 20.119999999999997,
                    "Reply2QuestNo": 5,
                    "ReplyID": 55,
                    "ReplyItem": "強烈同意",
                    "TopicID": 1,
                    "VersionNo": 1030708
                },
                {
                    "Count": 92,
                    "Percentage": 28.050000000000004,
                    "Reply2QuestNo": 5,
                    "ReplyID": 56,
                    "ReplyItem": "同意",
                    "TopicID": 1,
                    "VersionNo": 1030708
                },
                {
                    "Count": 47,
                    "Percentage": 14.330000000000002,
                    "Reply2QuestNo": 5,
                    "ReplyID": 57,
                    "ReplyItem": "普通",
                    "TopicID": 1,
                    "VersionNo": 1030708
                },
                {
                    "Count": 38,
                    "Percentage": 11.59,
                    "Reply2QuestNo": 5,
                    "ReplyID": 58,
                    "ReplyItem": "不同意",
                    "TopicID": 1,
                    "VersionNo": 1030708
                },
                {
                    "Count": 85,
                    "Percentage": 25.91,
                    "Reply2QuestNo": 5,
                    "ReplyID": 59,
                    "ReplyItem": "強烈不同意",
                    "TopicID": 1,
                    "VersionNo": 1030708
                }
            ]
        },
        {
            "VersionNo": 1030708,
            "TopicID": 1,
            "QuestionNo": 6,
            "Question": "您對市長電子信箱處理本次案件回覆時間的滿意度如何？",
            "ReplyItems": [
                {
                    "Count": 67,
                    "Percentage": 20.68,
                    "Reply2QuestNo": 6,
                    "ReplyID": 7,
                    "ReplyItem": "非常滿意",
                    "TopicID": 1,
                    "VersionNo": 1030708
                },
                {
                    "Count": 77,
                    "Percentage": 23.77,
                    "Reply2QuestNo": 6,
                    "ReplyID": 8,
                    "ReplyItem": "滿意",
                    "TopicID": 1,
                    "VersionNo": 1030708
                },
                {
                    "Count": 70,
                    "Percentage": 21.6,
                    "Reply2QuestNo": 6,
                    "ReplyID": 9,
                    "ReplyItem": "普通、尚可",
                    "TopicID": 1,
                    "VersionNo": 1030708
                },
                {
                    "Count": 38,
                    "Percentage": 11.73,
                    "Reply2QuestNo": 6,
                    "ReplyID": 10,
                    "ReplyItem": "不滿意",
                    "TopicID": 1,
                    "VersionNo": 1030708
                },
                {
                    "Count": 72,
                    "Percentage": 22.220000000000002,
                    "Reply2QuestNo": 6,
                    "ReplyID": 11,
                    "ReplyItem": "很不滿意",
                    "TopicID": 1,
                    "VersionNo": 1030708
                }
            ]
        },
        {
            "VersionNo": 1030708,
            "TopicID": 1,
            "QuestionNo": 12,
            "Question": "您對市長電子信箱處理本次案件的回覆內容及處理結果的滿意度如何？",
            "ReplyItems": [
                {
                    "Count": 56,
                    "Percentage": 16.919999999999998,
                    "Reply2QuestNo": 12,
                    "ReplyID": 13,
                    "ReplyItem": "非常滿意",
                    "TopicID": 1,
                    "VersionNo": 1030708
                },
                {
                    "Count": 48,
                    "Percentage": 14.499999999999998,
                    "Reply2QuestNo": 12,
                    "ReplyID": 14,
                    "ReplyItem": "滿意",
                    "TopicID": 1,
                    "VersionNo": 1030708
                },
                {
                    "Count": 48,
                    "Percentage": 14.499999999999998,
                    "Reply2QuestNo": 12,
                    "ReplyID": 15,
                    "ReplyItem": "普通、尚可",
                    "TopicID": 1,
                    "VersionNo": 1030708
                },
                {
                    "Count": 41,
                    "Percentage": 12.389999999999999,
                    "Reply2QuestNo": 12,
                    "ReplyID": 16,
                    "ReplyItem": "不滿意",
                    "TopicID": 1,
                    "VersionNo": 1030708
                },
                {
                    "Count": 138,
                    "Percentage": 41.69,
                    "Reply2QuestNo": 12,
                    "ReplyID": 17,
                    "ReplyItem": "很不滿意",
                    "TopicID": 1,
                    "VersionNo": 1030708
                }
            ]
        },
        {
            "VersionNo": 1030708,
            "TopicID": 1,
            "QuestionNo": 18,
            "Question": "整體而言，您對市長電子信箱的滿意程度如何？",
            "ReplyItems": [
                {
                    "Count": 65,
                    "Percentage": 19.88,
                    "Reply2QuestNo": 18,
                    "ReplyID": 19,
                    "ReplyItem": "非常滿意",
                    "TopicID": 1,
                    "VersionNo": 1030708
                },
                {
                    "Count": 73,
                    "Percentage": 22.32,
                    "Reply2QuestNo": 18,
                    "ReplyID": 20,
                    "ReplyItem": "滿意",
                    "TopicID": 1,
                    "VersionNo": 1030708
                },
                {
                    "Count": 59,
                    "Percentage": 18.04,
                    "Reply2QuestNo": 18,
                    "ReplyID": 21,
                    "ReplyItem": "普通、尚可",
                    "TopicID": 1,
                    "VersionNo": 1030708
                },
                {
                    "Count": 45,
                    "Percentage": 13.76,
                    "Reply2QuestNo": 18,
                    "ReplyID": 22,
                    "ReplyItem": "不滿意",
                    "TopicID": 1,
                    "VersionNo": 1030708
                },
                {
                    "Count": 85,
                    "Percentage": 25.990000000000002,
                    "Reply2QuestNo": 18,
                    "ReplyID": 23,
                    "ReplyItem": "很不滿意",
                    "TopicID": 1,
                    "VersionNo": 1030708
                }
            ]
        },
        {
            "VersionNo": 1030708,
            "TopicID": 1,
            "QuestionNo": 24,
            "Question": "您認為高雄市政府「市長電子信箱」最應改善的地方為何？(可複選)",
            "ReplyItems": [
                {
                    "Count": 174,
                    "Percentage": 28.76,
                    "Reply2QuestNo": 24,
                    "ReplyID": 25,
                    "ReplyItem": "處理結果與期望有差距",
                    "TopicID": 1,
                    "VersionNo": 1030708
                },
                {
                    "Count": 122,
                    "Percentage": 20.169999999999998,
                    "Reply2QuestNo": 24,
                    "ReplyID": 26,
                    "ReplyItem": "回覆內容與實際處理情形不符",
                    "TopicID": 1,
                    "VersionNo": 1030708
                },
                {
                    "Count": 90,
                    "Percentage": 14.879999999999999,
                    "Reply2QuestNo": 24,
                    "ReplyID": 27,
                    "ReplyItem": "相關市府單位推諉責任",
                    "TopicID": 1,
                    "VersionNo": 1030708
                },
                {
                    "Count": 81,
                    "Percentage": 13.389999999999999,
                    "Reply2QuestNo": 24,
                    "ReplyID": 28,
                    "ReplyItem": "處理效率太差",
                    "TopicID": 1,
                    "VersionNo": 1030708
                },
                {
                    "Count": 106,
                    "Percentage": 17.52,
                    "Reply2QuestNo": 24,
                    "ReplyID": 29,
                    "ReplyItem": "回覆內容為制式例稿、或語氣冷淡",
                    "TopicID": 1,
                    "VersionNo": 1030708
                },
                {
                    "Count": 32,
                    "Percentage": 5.29,
                    "Reply2QuestNo": 24,
                    "ReplyID": 30,
                    "ReplyItem": "市府承辦人員處理態度不佳",
                    "TopicID": 1,
                    "VersionNo": 1030708
                }
            ]
        },
        {
            "VersionNo": 1030708,
            "TopicID": 1,
            "QuestionNo": 31,
            "Question": "您對高雄市政府辦理民眾陳情業務的滿意度如何？",
            "ReplyItems": [
                {
                    "Count": 56,
                    "Percentage": 17.23,
                    "Reply2QuestNo": 31,
                    "ReplyID": 32,
                    "ReplyItem": "非常滿意",
                    "TopicID": 1,
                    "VersionNo": 1030708
                },
                {
                    "Count": 74,
                    "Percentage": 22.770000000000003,
                    "Reply2QuestNo": 31,
                    "ReplyID": 33,
                    "ReplyItem": "滿意",
                    "TopicID": 1,
                    "VersionNo": 1030708
                },
                {
                    "Count": 55,
                    "Percentage": 16.919999999999998,
                    "Reply2QuestNo": 31,
                    "ReplyID": 34,
                    "ReplyItem": "普通、尚可",
                    "TopicID": 1,
                    "VersionNo": 1030708
                },
                {
                    "Count": 39,
                    "Percentage": 12.0,
                    "Reply2QuestNo": 31,
                    "ReplyID": 35,
                    "ReplyItem": "不滿意",
                    "TopicID": 1,
                    "VersionNo": 1030708
                },
                {
                    "Count": 101,
                    "Percentage": 31.080000000000002,
                    "Reply2QuestNo": 31,
                    "ReplyID": 36,
                    "ReplyItem": "很不滿意",
                    "TopicID": 1,
                    "VersionNo": 1030708
                }
            ]
        },
        {
            "VersionNo": 1030708,
            "TopicID": 1,
            "QuestionNo": 37,
            "Question": "最後，自從有「市長電子信箱」以來，請問您總共透過它向高雄市政府的反映意見次數約為幾次？",
            "ReplyItems": [
                {
                    "Count": 143,
                    "Percentage": 47.83,
                    "Reply2QuestNo": 37,
                    "ReplyID": 38,
                    "ReplyItem": "本次反映事由是第一次",
                    "TopicID": 1,
                    "VersionNo": 1030708
                },
                {
                    "Count": 156,
                    "Percentage": 52.17,
                    "Reply2QuestNo": 37,
                    "ReplyID": 39,
                    "ReplyItem": "其他，請填入大約次數:",
                    "TopicID": 1,
                    "VersionNo": 1030708
                }
            ]
        }
    ]
}