{
    "Topic": [
        {
            "VersionNo": 1030708,
            "ReplyCount": 309,
            "SerialNo": 1,
            "TopicID": 1,
            "Topic": "服務品質的滿意度"
        }
    ],
    "Question": [
        {
            "VersionNo": 1030708,
            "TopicID": 1,
            "QuestionNo": 2,
            "Question": "使用市長電子信箱發送反映案件相當快速？",
            "ValidCount": 290,
            "ValidPercent": 93.85,
            "SkipCount": 19,
            "SkipPercent": 6.1500000000000057
        },
        {
            "VersionNo": 1030708,
            "TopicID": 1,
            "QuestionNo": 3,
            "Question": "市長電子信箱的網頁顯示正確、功能正常？",
            "ValidCount": 290,
            "ValidPercent": 93.85,
            "SkipCount": 19,
            "SkipPercent": 6.1500000000000057
        },
        {
            "VersionNo": 1030708,
            "TopicID": 1,
            "QuestionNo": 4,
            "Question": "市長電子信箱有正面的回應來處理我的案件？",
            "ValidCount": 295,
            "ValidPercent": 95.47,
            "SkipCount": 14,
            "SkipPercent": 4.5300000000000011
        },
        {
            "VersionNo": 1030708,
            "TopicID": 1,
            "QuestionNo": 5,
            "Question": "整體而言，我對市長電子信箱服務品質有正面評價？",
            "ValidCount": 292,
            "ValidPercent": 94.5,
            "SkipCount": 17,
            "SkipPercent": 5.5
        },
        {
            "VersionNo": 1030708,
            "TopicID": 1,
            "QuestionNo": 6,
            "Question": "您對市長電子信箱處理本次案件回覆時間的滿意度如何？",
            "ValidCount": 294,
            "ValidPercent": 95.15,
            "SkipCount": 15,
            "SkipPercent": 4.8499999999999943
        },
        {
            "VersionNo": 1030708,
            "TopicID": 1,
            "QuestionNo": 12,
            "Question": "您對市長電子信箱處理本次案件的回覆內容及處理結果的滿意度如何？",
            "ValidCount": 302,
            "ValidPercent": 97.72999999999999,
            "SkipCount": 7,
            "SkipPercent": 2.2700000000000102
        },
        {
            "VersionNo": 1030708,
            "TopicID": 1,
            "QuestionNo": 18,
            "Question": "整體而言，您對市長電子信箱的滿意程度如何？",
            "ValidCount": 300,
            "ValidPercent": 97.09,
            "SkipCount": 9,
            "SkipPercent": 2.9099999999999966
        },
        {
            "VersionNo": 1030708,
            "TopicID": 1,
            "QuestionNo": 24,
            "Question": "您認為高雄市政府「市長電子信箱」最應改善的地方為何？(可複選)",
            "ValidCount": 210,
            "ValidPercent": 67.96,
            "SkipCount": 99,
            "SkipPercent": 32.040000000000006
        },
        {
            "VersionNo": 1030708,
            "TopicID": 1,
            "QuestionNo": 31,
            "Question": "您對高雄市政府辦理民眾陳情業務的滿意度如何？",
            "ValidCount": 289,
            "ValidPercent": 93.53,
            "SkipCount": 20,
            "SkipPercent": 6.4699999999999989
        },
        {
            "VersionNo": 1030708,
            "TopicID": 1,
            "QuestionNo": 37,
            "Question": "最後，自從有「市長電子信箱」以來，請問您總共透過它向高雄市政府的反映意見次數約為幾次？",
            "ValidCount": 267,
            "ValidPercent": 86.41,
            "SkipCount": 42,
            "SkipPercent": 13.590000000000003
        }
    ]
}