{
    "Topic": [
        {
            "VersionNo": 1030708,
            "ReplyCount": 309,
            "SerialNo": 1,
            "TopicID": 1,
            "Topic": "服務品質的滿意度"
        }
    ],
    "Question": [
        {
            "VersionNo": 1030708,
            "TopicID": 1,
            "QueSeriNo": 1,
            "QuestionNo": 6,
            "Question": "您對市長電子信箱處理本次案件回覆時間的滿意度如何？",
            "Reply1_QNo": 7,
            "SatLvl1Reply": "非常滿意",
            "Reply1_Count": 68,
            "SatLevel1": 22.009999999999998,
            "Reply2_QNo": 8,
            "SatLvl2Reply": "滿意",
            "Reply2_Count": 76,
            "SatLevel2": 24.6,
            "Reply3_QNo": 9,
            "SatLvl3Reply": "普通、尚可",
            "Reply3_Count": 68,
            "SatLevel3": 22.009999999999998,
            "Reply4_QNo": 10,
            "SatLvl4Reply": "不滿意",
            "Reply4_Count": 22,
            "SatLevel4": 7.12,
            "Reply5_QNo": 11,
            "SatLvl5Reply": "很不滿意",
            "Reply5_Count": 60,
            "SatLevel5": 19.42,
            "Reply6_QNo": null,
            "SatLvl6Reply": null,
            "Reply6_Count": null,
            "SatLevel6": null
        },
        {
            "VersionNo": 1030708,
            "TopicID": 1,
            "QueSeriNo": 2,
            "QuestionNo": 12,
            "Question": "您對市長電子信箱處理本次案件的回覆內容及處理結果的滿意度如何？",
            "Reply1_QNo": 13,
            "SatLvl1Reply": "非常滿意",
            "Reply1_Count": 50,
            "SatLevel1": 16.18,
            "Reply2_QNo": 14,
            "SatLvl2Reply": "滿意",
            "Reply2_Count": 59,
            "SatLevel2": 19.09,
            "Reply3_QNo": 15,
            "SatLvl3Reply": "普通、尚可",
            "Reply3_Count": 40,
            "SatLevel3": 12.94,
            "Reply4_QNo": 16,
            "SatLvl4Reply": "不滿意",
            "Reply4_Count": 36,
            "SatLevel4": 11.65,
            "Reply5_QNo": 17,
            "SatLvl5Reply": "很不滿意",
            "Reply5_Count": 117,
            "SatLevel5": 37.86,
            "Reply6_QNo": null,
            "SatLvl6Reply": null,
            "Reply6_Count": null,
            "SatLevel6": null
        },
        {
            "VersionNo": 1030708,
            "TopicID": 1,
            "QueSeriNo": 3,
            "QuestionNo": 18,
            "Question": "整體而言，您對市長電子信箱的滿意程度如何？",
            "Reply1_QNo": 19,
            "SatLvl1Reply": "非常滿意",
            "Reply1_Count": 60,
            "SatLevel1": 19.42,
            "Reply2_QNo": 20,
            "SatLvl2Reply": "滿意",
            "Reply2_Count": 79,
            "SatLevel2": 25.569999999999997,
            "Reply3_QNo": 21,
            "SatLvl3Reply": "普通、尚可",
            "Reply3_Count": 62,
            "SatLevel3": 20.06,
            "Reply4_QNo": 22,
            "SatLvl4Reply": "不滿意",
            "Reply4_Count": 33,
            "SatLevel4": 10.68,
            "Reply5_QNo": 23,
            "SatLvl5Reply": "很不滿意",
            "Reply5_Count": 66,
            "SatLevel5": 21.36,
            "Reply6_QNo": null,
            "SatLvl6Reply": null,
            "Reply6_Count": null,
            "SatLevel6": null
        },
        {
            "VersionNo": 1030708,
            "TopicID": 1,
            "QueSeriNo": 4,
            "QuestionNo": 31,
            "Question": "您對高雄市政府辦理民眾陳情業務的滿意度如何？",
            "Reply1_QNo": 32,
            "SatLvl1Reply": "非常滿意",
            "Reply1_Count": 58,
            "SatLevel1": 18.77,
            "Reply2_QNo": 33,
            "SatLvl2Reply": "滿意",
            "Reply2_Count": 81,
            "SatLevel2": 26.21,
            "Reply3_QNo": 34,
            "SatLvl3Reply": "普通、尚可",
            "Reply3_Count": 59,
            "SatLevel3": 19.09,
            "Reply4_QNo": 35,
            "SatLvl4Reply": "不滿意",
            "Reply4_Count": 27,
            "SatLevel4": 8.74,
            "Reply5_QNo": 36,
            "SatLvl5Reply": "很不滿意",
            "Reply5_Count": 64,
            "SatLevel5": 20.71,
            "Reply6_QNo": null,
            "SatLvl6Reply": null,
            "Reply6_Count": null,
            "SatLevel6": null
        }
    ]
}